frame,time_s,jogador,equipa,img_x,img_y,coord_x,coord_y,conf,cov_teamA,cov_teamB
0,0.0,1,A,1730.34,865.29,0.6703,0.8576,0.821,0.486,0.0
0,0.0,2,A,958.36,480.64,0.268,0.3461,0.818,0.471,0.0
0,0.0,3,A,1371.96,582.3,0.4836,0.481,0.799,0.463,0.0
0,0.0,4,A,1322.97,734.56,0.458,0.6837,0.817,0.423,0.0
0,0.0,5,A,632.7,752.64,0.0983,0.7073,0.838,0.41,0.0
0,0.0,6,A,1784.09,478.93,0.6983,0.3437,0.76,0.413,0.0
0,0.0,2,A,1144.08,466.01,0.3648,0.3265,0.809,0.383,0.0
0,0.0,7,A,1796.98,576.93,0.705,0.4745,0.77,0.283,0.0
0,0.0,8,A,508.64,500.25,0.0337,0.3719,0.791,0.243,0.0
0,0.0,9,A,1001.94,900.54,0.2907,0.9032,0.717,0.222,0.037
0,0.0,10,B,1527.61,352.82,0.5647,0.176,0.822,0.0,0.43
0,0.0,11,B,1763.24,513.09,0.6875,0.3894,0.81,0.0,0.432
0,0.0,12,B,683.43,447.98,0.1248,0.3025,0.784,0.0,0.423
0,0.0,13,B,917.89,641.84,0.2469,0.5603,0.832,0.0,0.324
0,0.0,14,B,1075.14,349.44,0.3289,0.1718,0.806,0.0,0.314
0,0.0,15,B,1190.86,609.24,0.3892,0.517,0.803,0.0,0.304
0,0.0,16,B,607.21,626.53,0.085,0.54,0.793,0.0,0.307
0,0.0,17,B,1654.13,737.77,0.6306,0.6876,0.839,0.0,0.211
0,0.0,18,B,988.56,858.03,0.2838,0.8454,0.644,0.0,0.166
0,0.0,19,B,1589.99,964.13,0.5972,0.9887,0.691,0.0,0.131
1,0.04,2,A,958.36,480.37,0.268,0.3456,0.813,0.469,0.0
1,0.04,1,A,1727.44,865.17,0.6688,0.8574,0.824,0.444,0.0
1,0.04,3,A,1372.06,582.03,0.4836,0.4806,0.793,0.453,0.0
1,0.04,5,A,633.95,752.82,0.099,0.7075,0.824,0.42,0.0
1,0.04,2,A,1143.57,465.56,0.3645,0.3258,0.797,0.427,0.0
1,0.04,4,A,1322.15,735.02,0.4576,0.6844,0.812,0.416,0.0
1,0.04,6,A,1782.6,478.52,0.6976,0.3431,0.756,0.359,0.0
1,0.04,7,A,1796.66,576.67,0.7049,0.4741,0.758,0.308,0.0
1,0.04,9,A,1001.23,900.36,0.2904,0.9029,0.701,0.271,0.017
1,0.04,8,A,509.67,499.5,0.0342,0.371,0.804,0.217,0.0
1,0.04,10,B,1527.22,352.47,0.5645,0.1756,0.82,0.0,0.432
1,0.04,11,B,1763.65,512.88,0.6877,0.3891,0.818,0.0,0.411
1,0.04,12,B,683.19,448.44,0.1246,0.3032,0.785,0.0,0.391
1,0.04,13,B,917.13,641.75,0.2465,0.5602,0.826,0.0,0.345
1,0.04,14,B,1075.83,348.69,0.3293,0.1707,0.799,0.0,0.341
1,0.04,15,B,1191.72,608.79,0.3896,0.5163,0.803,0.0,0.315
1,0.04,16,B,606.48,626.39,0.0847,0.5398,0.792,0.0,0.298
1,0.04,17,B,1653.5,737.26,0.6303,0.6869,0.83,0.0,0.193
1,0.04,19,B,1586.49,965.04,0.5954,0.9899,0.75,0.0,0.131
1,0.04,18,B,987.82,867.31,0.2834,0.8584,0.609,0.0,0.159
2,0.08,2,A,958.48,480.31,0.2683,0.3444,0.817,0.475,0.0
2,0.08,4,A,1321.14,734.74,0.4573,0.6834,0.813,0.446,0.0
2,0.08,5,A,635.65,752.56,0.1001,0.7069,0.821,0.426,0.0
2,0.08,2,A,1142.96,464.83,0.3644,0.3237,0.801,0.419,0.0
2,0.08,1,A,1723.28,865.57,0.6668,0.8575,0.825,0.405,0.0
2,0.08,3,A,1371.42,581.69,0.4834,0.4792,0.801,0.399,0.0
2,0.08,6,A,1780.53,477.19,0.6966,0.3396,0.742,0.373,0.0
2,0.08,7,A,1796.54,575.99,0.7049,0.4718,0.752,0.323,0.0
2,0.08,8,A,511.47,499.02,0.0354,0.3697,0.788,0.281,0.0
2,0.08,9,A,1000.25,900.26,0.2901,0.9029,0.733,0.279,0.014
2,0.08,12,B,683.07,448.54,0.1248,0.3024,0.791,0.0,0.488
2,0.08,10,B,1526.99,352.2,0.5644,0.1735,0.822,0.0,0.449
2,0.08,11,B,1763.38,512.67,0.6876,0.3874,0.822,0.004,0.398
2,0.08,13,B,916.24,641.55,0.2463,0.5593,0.819,0.0,0.352
2,0.08,14,B,1076.4,348.38,0.3297,0.1689,0.793,0.0,0.363
2,0.08,15,B,1192.55,608.73,0.3902,0.5154,0.825,0.0,0.319
2,0.08,16,B,605.91,626.79,0.0846,0.5399,0.802,0.0,0.3
2,0.08,17,B,1651.45,737.1,0.6294,0.6859,0.827,0.0,0.183
2,0.08,19,B,1582.82,964.16,0.5937,0.9885,0.79,0.0,0.147
2,0.08,18,B,986.31,861.08,0.2828,0.8496,0.609,0.0,0.175
3,0.12,2,A,957.84,480.3,0.2679,0.3444,0.82,0.52,0.0
3,0.12,5,A,637.13,752.26,0.1009,0.7065,0.822,0.461,0.0
3,0.12,4,A,1320.05,734.42,0.4567,0.6829,0.817,0.453,0.0
3,0.12,3,A,1370.77,581.08,0.4831,0.4783,0.806,0.453,0.0
3,0.12,1,A,1718.05,865.56,0.6641,0.8573,0.84,0.407,0.0
3,0.12,2,A,1142.32,464.65,0.364,0.3234,0.805,0.417,0.0
3,0.12,6,A,1778.41,477.52,0.6954,0.3399,0.728,0.405,0.0
3,0.12,9,A,999.11,900.13,0.2895,0.9028,0.809,0.351,0.001
3,0.12,8,A,513.28,498.96,0.0363,0.3697,0.786,0.342,0.0
3,0.12,7,A,1796.1,575.84,0.7047,0.4716,0.764,0.318,0.0
3,0.12,12,B,682.4,448.9,0.1244,0.3029,0.78,0.0,0.521
3,0.12,11,B,1762.68,512.44,0.6873,0.3871,0.82,0.004,0.42
3,0.12,10,B,1526.53,352.34,0.5642,0.1737,0.823,0.0,0.41
3,0.12,13,B,915.33,641.31,0.2458,0.559,0.808,0.0,0.331
3,0.12,15,B,1194.09,608.21,0.391,0.5146,0.827,0.0,0.291
3,0.12,14,B,1077.52,348.07,0.3302,0.1685,0.78,0.0,0.306
3,0.12,16,B,605.39,627.63,0.0843,0.541,0.799,0.0,0.297
3,0.12,17,B,1650.21,736.66,0.6287,0.6853,0.845,0.0,0.164
3,0.12,19,B,1577.73,962.68,0.591,0.9864,0.773,0.0,0.142
3,0.12,18,B,984.29,868.24,0.2818,0.8597,0.661,0.0,0.131
4,0.16,4,A,1319.37,732.97,0.4565,0.6805,0.843,0.463,0.0
4,0.16,2,A,1141.94,464.32,0.364,0.3222,0.814,0.442,0.0
4,0.16,2,A,957.28,479.97,0.2678,0.3433,0.798,0.442,0.0
4,0.16,5,A,638.08,751.58,0.1017,0.7057,0.827,0.409,0.0
4,0.16,3,A,1369.8,580.47,0.4827,0.4768,0.808,0.417,0.0
4,0.16,1,A,1713.21,865.93,0.6618,0.8572,0.848,0.382,0.0
4,0.16,6,A,1776.41,475.38,0.6945,0.3356,0.712,0.394,0.0
4,0.16,9,A,996.53,900.03,0.2885,0.903,0.764,0.354,0.003
4,0.16,8,A,515.51,499.15,0.0377,0.3698,0.797,0.263,0.0
4,0.16,7,A,1795.32,575.44,0.7044,0.47,0.754,0.27,0.0
4,0.16,10,B,1525.34,352.16,0.5636,0.1722,0.83,0.0,0.492
4,0.16,12,B,681.14,448.38,0.1239,0.3018,0.786,0.0,0.51
4,0.16,11,B,1762.54,512.22,0.6873,0.3857,0.81,0.003,0.428
4,0.16,13,B,914.54,640.78,0.2456,0.5581,0.808,0.0,0.318
4,0.16,16,B,604.66,627.79,0.0842,0.5412,0.81,0.0,0.29
4,0.16,14,B,1078.21,347.99,0.3307,0.1674,0.785,0.0,0.276
4,0.16,15,B,1195.6,609.15,0.392,0.5154,0.813,0.0,0.23
4,0.16,17,B,1649.05,735.63,0.6283,0.6832,0.82,0.0,0.187
4,0.16,19,B,1573.37,962.35,0.589,0.9857,0.809,0.0,0.116
4,0.16,18,B,981.34,873.62,0.2805,0.8674,0.668,0.0,0.118
